Sample,file_name,x motor,y motor,Amplitude1,FWHM1,Center1,Amplitude2,FWHM2,Center2,Amplitude3,FWHM3,Center3,Model Path,i_value
S1_LN_10psi_Ch10_0120922_map_02,"S1_LN_10psi_Ch10_0120922_map_02_20230302-124231_911e81_ss_stg2_y_64,50mm_sample_x_88,50mm_primary-1_mean_q.chi",88.5,64.5,12.037172918226789,0.012424011710041061,1.8813355368704674,,,,,,,C:\Users\benk\Documents\GitHub\XRD-Fitting\Plot Output\S1_LN_10psi_Ch10_0120922_map_02\Graphite_LiC12\88-5_64-5,0.0
S1_LN_10psi_Ch10_0120922_map_02,"S1_LN_10psi_Ch10_0120922_map_02_20230302-124231_911e81_ss_stg2_y_64,50mm_sample_x_89,00mm_primary-2_mean_q.chi",89.0,64.5,8.691194364357598,0.01243871248047813,1.8816846163972607,,,,,,,C:\Users\benk\Documents\GitHub\XRD-Fitting\Plot Output\S1_LN_10psi_Ch10_0120922_map_02\Graphite_LiC12\89-0_64-5,1.0
S1_LN_10psi_Ch10_0120922_map_02,"S1_LN_10psi_Ch10_0120922_map_02_20230302-124231_911e81_ss_stg2_y_64,50mm_sample_x_90,00mm_primary-4_mean_q.chi",90.0,64.5,0.01988915285377013,0.009748455773285234,1.8799269580086162,,,,,,,C:\Users\benk\Documents\GitHub\XRD-Fitting\Plot Output\S1_LN_10psi_Ch10_0120922_map_02\Graphite_LiC12\90-0_64-5,2.0
S1_LN_10psi_Ch10_0120922_map_02,"S1_LN_10psi_Ch10_0120922_map_02_20230302-124231_911e81_ss_stg2_y_64,50mm_sample_x_98,50mm_primary-21_mean_q.chi",98.5,64.5,9.99996655611868,0.23754796887045498,1.7700000000007714,0.12454128896312144,0.04583389542642246,1.8613142800491915,,,,C:\Users\benk\Documents\GitHub\XRD-Fitting\Plot Output\S1_LN_10psi_Ch10_0120922_map_02\Graphite_LiC12\98-5_64-5,3.0
